id,word,partOfSpeech,level,topicId,ipa,altSpelling,meaningVi,definitionEn,example1_en,example1_vi,example2_en,example2_vi,collocations,notes,reviewStatus,source
w-black-adjective,black,adjective,A1,Appearance,/blˈæk/,,màu đen,"having the darkest colour, like night",She wears a black jacket to work.,Cô ấy mặc áo khoác đen đi làm.,I bought black shoes yesterday.,Hôm qua mình mua đôi giày đen.,black hair; black coffee; dressed in black,,ai_generated,cefrj-1.5+ai
w-mean-verb,mean,verb,A1,Appearance,/mˈin/,,nghĩa là; có ý định,to have a certain sense or intention,What does this word mean?,Từ này nghĩa là gì?,I did not mean to be late.,Mình không cố ý đến muộn.,mean to; what does it mean; mean something,verb sense only (not the adjective ‘unkind’),ai_generated,cefrj-1.5+ai
w-write-verb,write,verb,A1,Communication,/ɹˈaɪt/,,viết,to put words on paper or a screen,Please write your name here.,Xin hãy viết tên của bạn vào đây.,I write emails every morning.,Mỗi sáng mình viết email.,write a letter; write down; write an email,irregular: write / wrote / written,ai_generated,cefrj-1.5+ai
w-break-verb,break,verb,A1,Daily life,/bɹˈeɪk/,,"làm vỡ, làm hỏng; nghỉ ngắn","to damage something, or to pause for a short time",Be careful not to break the glass.,Cẩn thận kẻo làm vỡ cái ly.,Let’s break for lunch now.,Nghỉ ăn trưa thôi.,break a glass; break for lunch; break the rules,irregular: break / broke / broken,ai_generated,cefrj-1.5+ai
w-may-noun,may,noun,A1,Daily life,/mˈeɪ/,,tháng Năm,the fifth month of the year,My birthday is in May.,Sinh nhật mình vào tháng Năm.,We often travel in May.,Chúng tôi hay đi du lịch vào tháng Năm.,in May; early May; late May,month name (not the modal verb ‘may’); capitalize May,ai_generated,cefrj-1.5+ai
w-miss-verb,miss,verb,A1,Feelings,/mˈɪs/,,nhớ (ai/gì); bỏ lỡ,"to feel sad without someone, or to fail to catch something",I miss my family when I travel.,Đi xa mình nhớ gia đình.,"Hurry, or you will miss the bus.",Nhanh lên kẻo lỡ xe buýt.,miss home; miss a bus; miss someone,,ai_generated,cefrj-1.5+ai
w-butter-noun,butter,noun,A1,Food,/bˈʌtɚ/,,bơ,a soft yellow food made from milk fat,I put butter on my bread.,Mình phết bơ lên bánh mì.,Do we have any butter left?,Nhà mình còn bơ không?,butter on toast; peanut butter; melted butter,,ai_generated,cefrj-1.5+ai
w-good-afternoon-interjection,good afternoon,interjection,A1,Grammar words,/ɡˈʊd ˌæftɚnˈun/,,chào buổi chiều,a polite greeting used after midday,"Good afternoon, how can I help you?","Chào buổi chiều, mình có thể giúp gì ạ?","Good afternoon, everyone in the meeting.",Chào buổi chiều mọi người trong cuộc họp.,good afternoon everyone; say good afternoon,treat as one greeting phrase,ai_generated,cefrj-1.5+ai
w-good-morning-interjection,good morning,interjection,A1,Grammar words,/ɡˈʊd mˈɔɹnɪŋ/,,chào buổi sáng,a polite greeting used early in the day,"Good morning, did you sleep well?","Chào buổi sáng, bạn ngủ ngon không?",I always say good morning at work.,Mình luôn chào buổi sáng khi đến công ty.,good morning everyone; say good morning,treat as one greeting phrase,ai_generated,cefrj-1.5+ai
w-good-night-interjection,good night,interjection,A1,Grammar words,/ɡˈʊd nˈaɪt/,,chúc ngủ ngon,words you say before going to sleep,"Good night, see you tomorrow.","Chúc ngủ ngon, mai gặp lại.",She said good night and went to bed.,Cô ấy bảo ngủ ngon rồi đi ngủ.,say good night; good night sleep well,used when leaving or going to sleep (not a daytime greeting),ai_generated,cefrj-1.5+ai
w-up-preposition,up,preposition,A1,Grammar words,/ˈʌp/,,"lên, hướng lên trên",to or in a higher place or position,Walk up the stairs slowly.,Đi lên cầu thang từ từ.,Look up at the sky tonight.,Tối nay hãy nhìn lên bầu trời.,up the stairs; up the hill; up the road,,ai_generated,cefrj-1.5+ai
w-town-noun,town,noun,A1,Home,/tˈaʊn/,,"thị trấn, thị xã","a place with houses and shops, smaller than a city",We live in a quiet town.,Chúng tôi sống ở một thị trấn yên tĩnh.,I go into town on Saturdays.,Thứ Bảy mình vào trung tâm thị trấn.,in town; small town; go into town,,ai_generated,cefrj-1.5+ai
w-e-mail-noun,e-mail,noun,A1,Media,/ˈimˌeɪl/,,thư điện tử,a message sent through the internet,I sent you an e-mail yesterday.,Hôm qua mình gửi bạn một email.,Please check your e-mail tonight.,Tối nay nhớ kiểm tra email nhé.,send an e-mail; check your e-mail; e-mail address,"Also: e-mail, email · also written email (without hyphen)",ai_generated,cefrj-1.5+ai
w-dry-adjective,dry,adjective,A1,Nature,/dɹˈaɪ/,,"khô, khô ráo",not wet; with little or no water,Keep your phone dry in the rain.,Trời mưa nhớ giữ điện thoại khô.,The clothes are dry now.,Quần áo đã khô rồi.,dry weather; bone dry; keep dry,,ai_generated,cefrj-1.5+ai
w-grow-verb,grow,verb,A1,Nature,/ɡɹˈoʊ/,,"lớn lên; trồng, phát triển","to become bigger, or to raise plants",Children grow so fast these days.,Trẻ con ngày nay lớn nhanh thật.,We grow tomatoes on the balcony.,Chúng tôi trồng cà chua trên ban công.,grow up; grow plants; grow quickly,irregular: grow / grew / grown,ai_generated,cefrj-1.5+ai
w-friend-noun,friend,noun,A1,People,/fɹˈɛnd/,,"bạn bè, người bạn",a person you like and spend time with,She is my best friend at work.,Cô ấy là bạn thân nhất của mình ở công ty.,I met an old friend yesterday.,Hôm qua mình gặp lại một người bạn cũ.,best friend; close friend; make friends,,ai_generated,cefrj-1.5+ai
w-know-verb,know,verb,A1,School,/nˈoʊ/,,"biết, quen biết",to have information or be familiar with someone,Do you know the answer?,Bạn có biết đáp án không?,I know her from university.,Mình quen cô ấy từ thời đại học.,know about; get to know; know someone,irregular: know / knew / known,ai_generated,cefrj-1.5+ai
w-note-verb,note,verb,A1,Shopping,/nˈoʊt/,,"ghi chú; để ý, nhận thấy","to write something down, or to notice it",Please note the price on the tag.,Xin hãy ghi chú giá trên nhãn.,I noted a small mistake in the bill.,Mình nhận thấy hóa đơn có chỗ sai nhỏ.,note down; please note; note that,verb sense (not the noun ‘a note’),ai_generated,cefrj-1.5+ai
w-supermarket-noun,supermarket,noun,A1,Shopping,/sˈupɚmˌɑɹkɪt/,,siêu thị,a large shop that sells food and household goods,I buy rice at the supermarket.,Mình mua gạo ở siêu thị.,The supermarket closes at ten.,Siêu thị đóng cửa lúc mười giờ.,at the supermarket; local supermarket; supermarket aisle,,ai_generated,cefrj-1.5+ai
w-fine-adjective,fine,adjective,A1,Society,/fˈaɪn/,,"ổn, tốt; khá ổn",well or okay; good enough,"I am fine, thank you.","Mình ổn, cảm ơn bạn.",The weather looks fine today.,Hôm nay thời tiết trông khá đẹp.,feel fine; I’m fine; fine weather,everyday ‘okay’ sense (not a money penalty),ai_generated,cefrj-1.5+ai
w-hobby-noun,hobby,noun,A1,Sports,/hˈɑbi/,,"sở thích, thú vui",an activity you enjoy in free time,Reading is my favourite hobby.,Đọc sách là sở thích yêu thích của mình.,What hobbies do you have?,Bạn có sở thích gì?,favourite hobby; have a hobby; new hobby,,ai_generated,cefrj-1.5+ai
w-play-verb,play,verb,A1,Sports,/plˈeɪ/,,"chơi (thể thao, trò chơi)",to take part in a game or sport,We play football every Sunday.,Chủ nhật nào chúng tôi cũng đá bóng.,Do you play tennis after work?,Tan làm bạn có chơi tennis không?,play football; play tennis; play a game,,ai_generated,cefrj-1.5+ai
w-run-verb,run,verb,A1,Sports,/ɹˈʌn/,,chạy,to move quickly on your feet,I run in the park each morning.,Mỗi sáng mình chạy bộ ở công viên.,Don’t run in the hallway.,Đừng chạy trên hành lang.,run a race; go for a run; run fast,irregular: run / ran / run,ai_generated,cefrj-1.5+ai
w-phone-verb,phone,verb,A1,Technology,/fˈoʊn/,,gọi điện thoại,to call someone by telephone,I will phone you after lunch.,Ăn trưa xong mình sẽ gọi bạn.,Please phone the office tomorrow.,Ngày mai nhớ gọi vào văn phòng.,phone someone; phone home; phone back,verb sense; also say ‘call’,ai_generated,cefrj-1.5+ai
w-smith-noun,smith,noun,A1,Work,/smˈɪθ/,,"thợ rèn, thợ kim loại",a worker who shapes metal by heating and hitting it,The smith made a strong metal gate.,Người thợ rèn làm một cánh cổng kim loại chắc chắn.,A smith works with hot iron.,Thợ rèn làm việc với sắt nóng.,blacksmith; silver smith; skilled smith,craft worker (not a family surname),ai_generated,cefrj-1.5+ai
w-bra-noun,bra,noun,A2,Appearance,/bɹˈɑ/,,áo ngực,a piece of clothing that supports a woman’s chest,She bought a new bra yesterday.,Hôm qua cô ấy mua một chiếc áo ngực mới.,This bra is soft and comfortable.,Chiếc áo ngực này mềm và dễ chịu.,sports bra; wear a bra; bra size,,ai_generated,cefrj-1.5+ai
w-mean-adjective,mean,adjective,A2,Appearance,/mˈin/,,"keo kiệt; độc ác, xấu tính",unkind or not willing to share or give,Do not be mean to your friends.,Đừng đối xử xấu với bạn bè.,He is too mean with his money.,Anh ấy quá keo kiệt với tiền bạc.,mean to someone; a mean remark; too mean,Adjective sense: unkind / not generous — not the verb “mean”.,ai_generated,cefrj-1.5+ai
w-batch-noun,batch,noun,A2,Communication,/bˈætʃ/,,"lô, đợt (hàng hoặc dữ liệu)",a group of things made or sent at one time,We sent the first batch this morning.,Sáng nay chúng tôi gửi lô đầu tiên.,Please check this batch of emails.,Nhờ kiểm tra đợt email này.,a batch of; first batch; in batches,,ai_generated,cefrj-1.5+ai
w-end-verb,end,verb,A2,Daily life,/ˈɛnd/,,"kết thúc, chấm dứt",to finish or stop something,The meeting will end at five.,Cuộc họp sẽ kết thúc lúc năm giờ.,Please end the call now.,Làm ơn kết thúc cuộc gọi ngay.,end a meeting; end the day; never end,,ai_generated,cefrj-1.5+ai
w-perfect-adjective,perfect,adjective,A2,Feelings,/pɚfˈɛkt/,,"hoàn hảo, tuyệt vời",as good as it can be; with no mistakes,This dress is perfect for the party.,Chiếc váy này hoàn hảo cho buổi tiệc.,Your timing was perfect today.,Hôm nay bạn đến đúng lúc lắm.,perfect for; perfect time; almost perfect,,ai_generated,cefrj-1.5+ai
w-lunchtime-noun,lunchtime,noun,A2,Food,/lˈʌntʃtˌaɪm/,,giờ ăn trưa,the time of day when people eat lunch,I usually walk at lunchtime.,Giờ ăn trưa mình thường đi bộ.,Shall we talk after lunchtime?,Sau giờ ăn trưa mình nói chuyện nhé?,at lunchtime; during lunchtime; lunchtime meeting,,ai_generated,cefrj-1.5+ai
w-order-verb,order,verb,A2,Food,/ˈɔɹdɚ/,,gọi món; đặt hàng,to ask for food or goods to be brought,"Can we order some soup, please?",Cho chúng tôi gọi một ít súp được không?,I ordered coffee online this morning.,Sáng nay mình đặt cà phê trên mạng.,order food; order online; order for takeaway,Verb sense: request food or goods — not “give orders”.,ai_generated,cefrj-1.5+ai
w-patient-noun,patient,noun,A2,Health,/pˈeɪʃənt/,,bệnh nhân,a person who receives care from a doctor,The doctor saw three patients today.,Hôm nay bác sĩ khám ba bệnh nhân.,Each patient must wait outside.,Mỗi bệnh nhân phải chờ ở ngoài.,hospital patient; see a patient; patient care,Noun sense (sick person); different from the adjective “patient” (calm).,ai_generated,cefrj-1.5+ai
w-container-noun,container,noun,A2,Home,/kəntˈeɪnɚ/,,"hộp, hộp đựng, thùng chứa",an object used to hold or store things,Put the rice in this container.,Cho gạo vào cái hộp này.,We need a larger container for soup.,Chúng ta cần hộp lớn hơn để đựng súp.,food container; plastic container; storage container,,ai_generated,cefrj-1.5+ai
w-petrol-station-phrase,petrol station,phrase,A2,Home,/pˈɛtɹoʊl stˈeɪʃən/,,trạm xăng,a place where drivers buy fuel for cars,We stopped at a petrol station nearby.,Chúng tôi ghé một trạm xăng gần đó.,Is there a petrol station on this road?,Trên đường này có trạm xăng không?,stop at a petrol station; near the petrol station,Whole phrase. UK “petrol”; US often says “gas station”.,ai_generated,cefrj-1.5+ai
w-curse-noun,curse,noun,A2,Media,/kˈɝs/,,lời nguyền; lời chửi thề nhẹ,"bad luck said to harm someone, or a swear word",The story talks about an old curse.,Câu chuyện nói về một lời nguyền cổ.,He muttered a quiet curse under breath.,Anh ấy lẩm bẩm một lời chửi nhẹ.,an old curse; under a curse; lift a curse,Keep mild: bad luck / light swear word — avoid strong offensive language.,ai_generated,cefrj-1.5+ai
w-dry-verb,dry,verb,A2,Nature,/dɹˈaɪ/,,"làm khô, phơi khô",to make something lose its water or wetness,Please dry the dishes after washing.,Rửa xong nhớ lau khô bát đĩa.,I dry my clothes on the balcony.,Mình phơi quần áo ngoài ban công.,dry your hands; dry clothes; air dry,,ai_generated,cefrj-1.5+ai
w-personality-noun,personality,noun,A2,People,/pˌɝsənˈælɪti/,,"tính cách, nhân cách",the way a person usually thinks and acts,"She has a warm, friendly personality.","Cô ấy có tính cách ấm áp, thân thiện.",Work can change your personality slowly.,Công việc có thể dần làm đổi tính cách.,strong personality; friendly personality; personality type,,ai_generated,cefrj-1.5+ai
w-understand-verb,understand,verb,A2,School,/ˌʌndɚstˈænd/,,hiểu,to know the meaning of words or ideas,Do you understand this question?,Bạn có hiểu câu hỏi này không?,I finally understood the lesson.,Cuối cùng mình cũng hiểu bài rồi.,fully understand; hard to understand; understand clearly,Irregular: understand / understood / understood.,ai_generated,cefrj-1.5+ai
w-wisdom-noun,wisdom,noun,A2,School,/wˈɪzdəm/,,"trí tuệ, sự khôn ngoan",good sense that comes from experience and learning,Age does not always bring wisdom.,Tuổi tác không phải lúc nào cũng mang lại sự khôn ngoan.,We can learn wisdom from older people.,Chúng ta có thể học sự khôn ngoan từ người lớn tuổi.,words of wisdom; practical wisdom; share wisdom,,ai_generated,cefrj-1.5+ai
w-basket-noun,basket,noun,A2,Shopping,/bˈæskət/,,giỏ,a container with an open top for carrying things,Put the fruit in the basket.,Cho trái cây vào giỏ.,She carries a basket to the market.,Cô ấy mang giỏ đi chợ.,shopping basket; fruit basket; wicker basket,,ai_generated,cefrj-1.5+ai
w-department-store-phrase,department store,phrase,A2,Shopping,/dɪpˈɑɹtmənt stˈɔɹ/,,cửa hàng bách hóa,a large shop that sells many kinds of goods,We met outside the department store.,Chúng tôi gặp nhau trước cửa hàng bách hóa.,This department store sells clothes and bags.,Cửa hàng bách hóa này bán quần áo và túi.,large department store; visit a department store,Whole phrase — treat as one unit.,ai_generated,cefrj-1.5+ai
w-traditional-adjective,traditional,adjective,A2,Society,/tɹədˈɪʃənəl/,,truyền thống,following old customs or ways of doing things,We cooked a traditional family meal.,Chúng tôi nấu một bữa ăn truyền thống của gia đình.,She wore traditional clothes for the festival.,Cô ấy mặc trang phục truyền thống trong lễ hội.,traditional food; traditional clothes; traditional way,,ai_generated,cefrj-1.5+ai
w-lose-verb,lose,verb,A2,Sports,/lˈuz/,,thua; làm mất,"to fail to win, or to no longer have something",Our team may lose the match.,Đội chúng ta có thể thua trận này.,I lost my keys on the bus.,Mình làm mất chìa khóa trên xe buýt.,lose a game; lose weight; lose your keys,Irregular: lose / lost / lost. Spelling: lose (verb) ≠ loose (adjective).,ai_generated,cefrj-1.5+ai
w-surfing-noun,surfing,noun,A2,Sports,/sˈɝfɪŋ/,,môn lướt sóng,the sport of riding on waves with a board,Surfing is popular near the beach.,Lướt sóng rất phổ biến gần biển.,He tried surfing for the first time.,Anh ấy thử lướt sóng lần đầu.,go surfing; surfing lesson; surfing beach,,ai_generated,cefrj-1.5+ai
w-online-adjective,online,adjective,A2,Technology,/ˈɔnlˌaɪn/,,"trực tuyến, trên mạng",connected to the internet; done on the internet,I take an online English class.,Mình học một lớp tiếng Anh trực tuyến.,Is this shop still online today?,Hôm nay cửa hàng này còn mở trên mạng không?,online class; online shopping; go online,,ai_generated,cefrj-1.5+ai
w-bus-station-phrase,bus station,phrase,A2,Travel,/bˈʌs stˈeɪʃən/,,bến xe buýt,"a place where buses start, stop, or wait",Meet me at the bus station at six.,Gặp mình ở bến xe buýt lúc sáu giờ.,The bus station is near the market.,Bến xe buýt gần chợ.,at the bus station; main bus station,Whole phrase — not the same as a single bus stop.,ai_generated,cefrj-1.5+ai
w-drive-verb,drive,verb,A2,Travel,/dɹˈaɪv/,,lái (xe),to control a car or other vehicle,I drive to work every morning.,Mỗi sáng mình lái xe đi làm.,Can you drive us to the airport?,Bạn có thể lái xe đưa chúng tôi ra sân bay không?,drive to work; drive carefully; learn to drive,Irregular: drive / drove / driven.,ai_generated,cefrj-1.5+ai
w-train-verb,train,verb,A2,Travel,/tɹˈeɪn/,,"đào tạo, luyện tập",to teach skills or practice for a job or sport,They train new staff every month.,Họ đào tạo nhân viên mới mỗi tháng.,I train for the race on weekends.,Cuối tuần mình luyện tập cho cuộc đua.,train hard; train for; train staff,Verb sense: teach skills / practice — not the vehicle noun “train”.,ai_generated,cefrj-1.5+ai
w-labor-noun,labor,noun,A2,Work,/lˈeɪbɚ/,labour,lao động; công việc chân tay,"physical work, or workers as a group",Farm work needs hard physical labor.,Việc đồng áng cần lao động chân tay vất vả.,The company needs more skilled labor.,Công ty cần thêm lao động có kỹ năng.,manual labor; skilled labor; labor costs,Also: labour · US spelling labor. Also UK: labour.,ai_generated,cefrj-1.5+ai
w-mention-verb,mention,verb,B1,Communication,/mˈɛnʃən/,,"đề cập, nhắc đến",to speak or write about something briefly,She did not mention the meeting in her email.,Cô ấy không nhắc đến buổi họp trong email.,Please mention your preferred time when you reply.,"Khi trả lời, nhớ nêu giờ bạn muốn nhé.",mention briefly; fail to mention; not to mention,,ai_generated,cefrj-1.5+ai
w-fight-verb,fight,verb,B1,Daily life,/fˈaɪt/,,đấu tranh; cãi nhau; chống lại,to struggle against someone or something,They fight about money more than before.,Họ cãi nhau vì tiền nhiều hơn trước.,We should fight for fair working hours.,Chúng ta nên đấu tranh vì giờ làm việc công bằng.,fight for; fight against; fight about,irregular: fight / fought / fought,ai_generated,cefrj-1.5+ai
w-rise-verb,rise,verb,B1,Daily life,/ɹˈaɪz/,,tăng lên; đứng dậy; mọc (mặt trời),to go up or increase in level or amount,Food prices rose again this month.,Giá thực phẩm tháng này lại tăng.,I rise early on workdays.,Ngày đi làm mình dậy sớm.,prices rise; rise early; rise sharply,irregular: rise / rose / risen · do not confuse with raise (needs an object),ai_generated,cefrj-1.5+ai
w-emotional-adjective,emotional,adjective,B1,Feelings,/ɪmˈoʊʃənəl/,,"cảm xúc, dễ xúc động","showing strong feelings, or related to feelings",The farewell speech was very emotional.,Bài phát biểu tạm biệt rất xúc động.,Try not to make emotional decisions at work.,Cố đừng quyết định theo cảm xúc khi làm việc.,emotional support; emotional decision; get emotional,,ai_generated,cefrj-1.5+ai
w-flavor-noun,flavor,noun,B1,Food,/flˈeɪvɚ/,,"hương vị, mùi vị",the taste of a food or drink,This tea has a light lemon flavor.,Trà này có vị chanh nhẹ.,Which ice cream flavor do you prefer?,Bạn thích vị kem nào hơn?,strong flavor; natural flavor; favorite flavor,Also: flavour · UK spelling: flavour,ai_generated,cefrj-1.5+ai
w-because-of-preposition,because of,preposition,B1,Grammar words,/bɪkˈɔz ˈʌv/,,"vì, do (nguyên nhân)",as a result of; caused by something,The flight was late because of heavy rain.,Chuyến bay bị trễ vì mưa lớn.,She stayed home because of a bad cold.,Cô ấy ở nhà vì bị cảm nặng.,because of traffic; because of the weather; mainly because of,use before a noun or -ing form; use because before a full clause,ai_generated,cefrj-1.5+ai
w-on-to-preposition,on to,preposition,B1,Grammar words,/ˈɑn tˈu/,,sang (bước/việc tiếp theo); lên trên,moving forward to the next thing or place,Let’s move on to the next topic.,Chúng ta chuyển sang chủ đề tiếp theo nhé.,She held on to the handrail carefully.,Cô ấy nắm chặt tay vịn một cách cẩn thận.,move on to; hold on to; go on to,Also: onto · often written as onto when meaning onto a surface,ai_generated,cefrj-1.5+ai
w-hip-noun,hip,noun,B1,Health,/hˈɪp/,,hông,the joint and area at each side of the body,My hip hurts after a long walk.,Hông mình đau sau khi đi bộ lâu.,The doctor checked her left hip carefully.,Bác sĩ kiểm tra hông trái của cô ấy rất kỹ.,hip pain; hip joint; break a hip,,ai_generated,cefrj-1.5+ai
w-ground-floor-phrase,ground floor,phrase,B1,Home,/ɡɹˈaʊnd flˈɔɹ/,,tầng trệt,the floor of a building at street level,The café is on the ground floor.,Quán cà phê ở tầng trệt.,Please wait for me near the ground floor exit.,Nhờ đợi mình gần lối ra tầng trệt.,on the ground floor; ground floor flat; ground floor entrance,UK: ground floor = US first floor,ai_generated,cefrj-1.5+ai
w-prison-noun,prison,noun,B1,Home,/pɹˈɪzən/,,"nhà tù, tù",a place where people are kept as punishment,He spent two years in prison.,Anh ấy ở tù hai năm.,The report describes life inside a local prison.,Báo cáo mô tả cuộc sống trong một nhà tù địa phương.,in prison; prison sentence; leave prison,,ai_generated,cefrj-1.5+ai
w-literature-noun,literature,noun,B1,Media,/lˈɪtɚətʃɚ/,,văn học; tài liệu (chuyên môn),"written works such as novels, poems, and plays",She teaches modern literature at the college.,Cô ấy dạy văn học hiện đại ở trường cao đẳng.,I read more Vietnamese literature this year.,Năm nay mình đọc nhiều văn học Việt Nam hơn.,English literature; modern literature; study literature,,ai_generated,cefrj-1.5+ai
w-global-adjective,global,adjective,B1,Nature,/ɡlˈoʊbəl/,,"toàn cầu, mang tính toàn cầu",relating to the whole world,Climate change is a global problem.,Biến đổi khí hậu là vấn đề toàn cầu.,The company has a global customer base.,Công ty có mạng lưới khách hàng toàn cầu.,global warming; global market; global problem,,ai_generated,cefrj-1.5+ai
w-plant-verb,plant,verb,B1,Nature,/plˈænt/,,trồng (cây),to put seeds or young trees into the ground,We plant trees every spring near the park.,Mỗi mùa xuân chúng tôi trồng cây gần công viên.,She planted herbs on the balcony last week.,Tuần trước cô ấy trồng rau thơm trên ban công.,plant trees; plant seeds; plant a garden,,ai_generated,cefrj-1.5+ai
w-air-force-phrase,air force,phrase,B1,People,/ˈɛɹ fˈɔɹs/,,không quân,the part of a country’s military that uses aircraft,Her brother joined the air force last year.,Em trai cô ấy gia nhập không quân năm ngoái.,The air force trains pilots for long flights.,Không quân huấn luyện phi công cho các chuyến bay dài.,join the air force; air force base; air force pilot,,ai_generated,cefrj-1.5+ai
w-respect-noun,respect,noun,B1,People,/ɹɪspˈɛkt/,,"sự tôn trọng, lòng kính trọng",a feeling of high regard for someone or something,We should treat older colleagues with respect.,Chúng ta nên đối xử với đồng nghiệp lớn tuổi bằng sự tôn trọng.,He earned respect through honest hard work.,Anh ấy được tôn trọng nhờ làm việc chăm chỉ và trung thực.,show respect; earn respect; with respect,,ai_generated,cefrj-1.5+ai
w-biology-noun,biology,noun,B1,School,/baɪˈɑlədʒi/,,sinh học,the science that studies living things,Biology was my favorite subject at school.,Sinh học là môn học yêu thích của mình ở trường.,She works in a biology research lab.,Cô ấy làm việc trong phòng thí nghiệm sinh học.,study biology; biology class; marine biology,,ai_generated,cefrj-1.5+ai
w-expense-noun,expense,noun,B1,Shopping,/ɪkspˈɛns/,,"chi phí, khoản chi",money you spend on something,Travel is a major expense for our team.,Đi công tác là khoản chi lớn của nhóm chúng tôi.,Please keep every receipt for work expenses.,Nhớ giữ mọi hóa đơn cho các khoản chi công việc.,cover expenses; travel expense; at great expense,,ai_generated,cefrj-1.5+ai
w-present-adjective,present,adjective,B1,Shopping,/pɹˈɛzənt/,,có mặt; hiện tại,"in a place now, or existing at this time",All staff must be present at the briefing.,Tất cả nhân viên phải có mặt ở buổi họp ngắn.,"At the present price, this phone is a good deal.","Với giá hiện tại, chiếc điện thoại này khá hời.",be present; present moment; all those present,adjective stress on first syllable; verb present is stressed on the second,ai_generated,cefrj-1.5+ai
w-immigration-noun,immigration,noun,B1,Society,/ˌɪməɡɹˈeɪʃən/,,nhập cư; việc nhập cảnh,the process of coming to live in another country,Immigration rules can change without much notice.,Quy định nhập cư có thể đổi mà ít báo trước.,We waited in the immigration line for an hour.,Chúng tôi xếp hàng nhập cảnh gần một tiếng.,immigration policy; immigration office; immigration control,,ai_generated,cefrj-1.5+ai
w-orchestra-noun,orchestra,noun,B1,Sports,/ˈɔɹkəstɹə/,,dàn nhạc giao hưởng,a large group of musicians who play together,The city orchestra played for two hours.,Dàn nhạc thành phố biểu diễn hai tiếng.,She joined the school orchestra as a violinist.,Cô ấy tham gia dàn nhạc trường với vai trò violin.,symphony orchestra; join an orchestra; orchestra conductor,,ai_generated,cefrj-1.5+ai
w-charge-verb,charge,verb,B1,Technology,/tʃˈɑɹdʒ/,,sạc (pin); tính phí,"to put power into a battery, or to ask for payment",I need to charge my phone before the trip.,Mình cần sạc điện thoại trước chuyến đi.,The hotel will charge extra for late checkout.,Khách sạn sẽ tính thêm phí nếu trả phòng muộn.,charge a phone; fully charged; charge extra,Technology sense: put power into a device,ai_generated,cefrj-1.5+ai
w-nuclear-adjective,nuclear,adjective,B1,Technology,/nˈukliɚ/,,"hạt nhân, liên quan đến năng lượng hạt nhân",related to energy from splitting atoms,Some countries still use nuclear power plants.,Một số nước vẫn dùng nhà máy điện hạt nhân.,They discussed nuclear safety at the conference.,Họ bàn về an toàn hạt nhân tại hội nghị.,nuclear power; nuclear energy; nuclear safety,,ai_generated,cefrj-1.5+ai
w-cabin-noun,cabin,noun,B1,Travel,/kˈæbən/,,khoang (máy bay/tàu); nhà gỗ nhỏ,a small room on a plane or ship for passengers,Please keep your bag under the cabin seat.,Vui lòng để túi dưới ghế trong cabin.,The cabin felt cooler after takeoff.,Cabin mát hơn sau khi cất cánh.,cabin crew; cabin pressure; passenger cabin,Travel sense: area inside a plane or ship,ai_generated,cefrj-1.5+ai
w-lead-verb,lead,verb,B1,Work,/lˈɛd/,,"lãnh đạo, dẫn dắt",to guide a group or be in charge of something,She will lead the new marketing team.,Cô ấy sẽ dẫn dắt nhóm marketing mới.,Good managers lead by clear example.,Quản lý giỏi dẫn dắt bằng tấm gương rõ ràng.,lead a team; lead by example; lead a project,irregular: lead / led / led · rhymes with need (not the metal),ai_generated,cefrj-1.5+ai
w-transportation-noun,transportation,noun,B1,Work,/tɹˌænspɚtˈeɪʃən/,,"giao thông, phương tiện vận chuyển",systems or vehicles used to move people or goods,Public transportation is cheaper than driving daily.,Đi phương tiện công cộng rẻ hơn lái xe mỗi ngày.,The company covers transportation for late shifts.,Công ty hỗ trợ đi lại cho ca làm muộn.,public transportation; transportation costs; transportation system,UK often uses transport instead,ai_generated,cefrj-1.5+ai
w-linen-noun,linen,noun,B2,Appearance,/lˈɪnən/,,vải lanh; đồ dùng bằng vải lanh,a strong cloth made from the flax plant,She prefers linen shirts in hot weather.,Trời nóng cô ấy thích mặc áo sơ mi vải lanh.,Fresh linen feels cool against the skin.,Vải lanh mới giặt mát dịu trên da.,linen shirt; bed linen; pure linen,,ai_generated,cefrj-1.5+ai
w-conjunction-noun,conjunction,noun,B2,Communication,/kəndʒˈʌŋkʃən/,,liên từ (từ dùng để nối),"a word that joins words, phrases, or clauses",And is a common conjunction in English.,And là một liên từ phổ biến trong tiếng Anh.,Use a conjunction to connect two ideas.,Dùng liên từ để nối hai ý với nhau.,coordinating conjunction; subordinating conjunction; use a conjunction,grammar term; not the same as ‘connection’,ai_generated,cefrj-1.5+ai
w-first-language-phrase,first language,phrase,B2,Communication,/fˈɝst lˈæŋɡwədʒ/,,"tiếng mẹ đẻ, ngôn ngữ thứ nhất",the language someone learns from early childhood,Vietnamese is my first language.,Tiếng Việt là tiếng mẹ đẻ của mình.,Her first language is not English.,Ngôn ngữ thứ nhất của cô ấy không phải tiếng Anh.,speak a first language; learn a first language; first-language speaker,multi-word phrase; also called ‘mother tongue’,ai_generated,cefrj-1.5+ai
w-necessarily-adverb,necessarily,adverb,B2,Daily life,/nˌɛsəsˈɛɹəli/,,"nhất thiết, buộc phải",in a way that must be true or cannot be avoided,Expensive food is not necessarily better.,Đồ ăn đắt chưa chắc đã ngon hơn.,More meetings do not necessarily help.,Họp nhiều hơn chưa chắc đã giúp ích.,not necessarily; necessarily mean; does not necessarily,very common in ‘not necessarily’,ai_generated,cefrj-1.5+ai
w-question-verb,question,verb,B2,Daily life,/kwˈɛstʃən/,,"nghi ngờ, chất vấn",to express doubt about something or challenge it,Staff began to question the new policy.,Nhân viên bắt đầu nghi ngờ chính sách mới.,I question whether that plan will work.,Tôi nghi ngờ liệu kế hoạch đó có thành công không.,question a decision; question whether; begin to question,verb sense: to doubt or challenge (not ‘ask a question’),ai_generated,cefrj-1.5+ai
w-self-confident-adjective,self-confident,adjective,B2,Feelings,/sˌɛlfkˈɑnfədənt/,,tự tin,sure of your own abilities and worth,She feels more self-confident after practice.,"Sau khi luyện tập, cô ấy tự tin hơn.",Stay self-confident in job interviews.,Hãy giữ sự tự tin khi phỏng vấn xin việc.,feel self-confident; appear self-confident; self-confident manner,hyphenated form; related to ‘confidence’,ai_generated,cefrj-1.5+ai
w-barley-noun,barley,noun,B2,Food,/bˈɑɹli/,,lúa mạch,"a grain used in food, drinks, and animal feed",This soup has barley and vegetables.,Món súp này có lúa mạch và rau.,Farmers grow barley in cooler regions.,Nông dân trồng lúa mạch ở vùng khí hậu mát.,pearl barley; barley soup; grow barley,,ai_generated,cefrj-1.5+ai
w-junk-food-phrase,junk food,phrase,B2,Food,/dʒˈʌŋk fˈud/,,đồ ăn nhanh không lành mạnh,cheap food that is quick to eat but unhealthy,I cut down on junk food after work.,Tan làm xong mình đã cắt giảm đồ ăn vặt không lành.,Junk food is convenient but rarely healthy.,Đồ ăn nhanh tiện nhưng hiếm khi lành mạnh.,eat junk food; junk food habit; cut down on junk food,multi-word phrase,ai_generated,cefrj-1.5+ai
w-now-conjunction,now,conjunction,B2,Grammar words,/nˈaʊ/,,"vì giờ đã…, sau khi đã…",used to introduce a reason based on a new fact,"Now that you are here, we can start.","Vì bạn đã đến rồi, chúng ta bắt đầu được.","Now you know the rules, please follow them.","Giờ bạn đã biết quy định, xin hãy tuân thủ.",now that; now you mention it,conjunction sense (= now that); not the time adverb,ai_generated,cefrj-1.5+ai
w-pulse-noun,pulse,noun,B2,Health,/pˈʌls/,,mạch (nhịp đập của tim),the regular beat of blood through the body,The nurse checked my pulse carefully.,Y tá kiểm tra mạch của tôi thật kỹ.,"After running, my pulse was very fast.","Sau khi chạy, mạch mình đập rất nhanh.",check someone’s pulse; pulse rate; strong pulse,health sense (heartbeat); ‘pulses’ can also mean dried beans,ai_generated,cefrj-1.5+ai
w-outside-adjective,outside,adjective,B2,Home,/ˈaʊtsˈaɪd/,,"ở bên ngoài, phía ngoài",on or facing the outer side of something,Please use the outside door tonight.,Tối nay vui lòng đi cửa ngoài.,We need an outside light near the gate.,Chúng tôi cần một đèn ngoài gần cổng.,outside door; outside wall; outside light,adjective sense (not the adverb ‘outdoors’),ai_generated,cefrj-1.5+ai
w-holocaust-noun,holocaust,noun,B2,Media,/hˈɑləkˌɔst/,,nạn diệt chủng; thảm họa gây chết chóc hàng loạt,large-scale destruction that causes many deaths,The museum exhibit covers that historical holocaust.,Triển lãm bảo tàng đề cập đến nạn diệt chủng lịch sử đó.,Documentaries about the holocaust air each year.,Mỗi năm đều có phim tài liệu về nạn diệt chủng.,holocaust memorial; holocaust history; survive the holocaust,often capitalised as ‘the Holocaust’ for WWII,ai_generated,cefrj-1.5+ai
w-wind-verb,wind,verb,B2,Nature,/wˈaɪnd/,,"quấn, cuộn; uốn khúc",to turn or twist something around something else,Please wind the cable around the hook.,Xin hãy quấn dây cáp quanh cái móc.,The path winds through the quiet hills.,Con đường uốn khúc qua những ngọn đồi yên tĩnh.,wind up; wind around; winding road,irregular: wind / wound / wound; pronounced /waɪnd/ (not /wɪnd/),ai_generated,cefrj-1.5+ai
w-chief-noun,chief,noun,B2,People,/tʃˈif/,,"thủ lĩnh, người đứng đầu",the main leader of a group or organisation,The village chief spoke at the meeting.,Trưởng làng phát biểu trong cuộc họp.,She is chief of the design team.,Cô ấy là trưởng nhóm thiết kế.,police chief; chief of staff; village chief,noun sense (leader); also an adjective meaning ‘main’,ai_generated,cefrj-1.5+ai
w-third-person-phrase,third person,phrase,B2,People,/θˈɝd pˈɝsən/,,ngôi thứ ba,the form of speech used when talking about others,Write the report in the third person.,Hãy viết báo cáo ở ngôi thứ ba.,Avoid mixing first and third person in essays.,Tránh trộn ngôi thứ nhất và ngôi thứ ba trong bài luận.,in the third person; third-person singular; third-person narrative,he / she / it / they; grammar term,ai_generated,cefrj-1.5+ai
w-test-verb,test,verb,B2,School,/tˈɛst/,,"kiểm tra, thử","to check knowledge, quality, or how something works",Teachers test students at the end of term.,Giáo viên kiểm tra học viên vào cuối kỳ.,We need to test this method first.,Chúng ta cần thử phương pháp này trước.,test students; test a theory; thoroughly test,verb sense (not the noun ‘exam’),ai_generated,cefrj-1.5+ai
w-headquarters-noun,headquarters,noun,B2,Shopping,/hˈɛdkwˌɔɹtɚz/,,trụ sở chính,the main office of a company or organisation,The brand moved its headquarters last year.,Thương hiệu đó chuyển trụ sở chính năm ngoái.,She works at company headquarters downtown.,Cô ấy làm việc tại trụ sở công ty ở trung tâm.,company headquarters; move headquarters; at headquarters,plural in form; often singular in meaning,ai_generated,cefrj-1.5+ai
w-present-verb,present,verb,B2,Shopping,/pɹˈɛzənt/,,trình bày; tặng một cách trang trọng,to give or show something formally to someone,Please present your card at the desk.,Vui lòng xuất trình thẻ tại quầy.,They present new items every season.,Họ giới thiệu sản phẩm mới mỗi mùa.,present a gift; present an award; present your case,verb stress on second syllable: preSENT (noun/adjective: PRESent),ai_generated,cefrj-1.5+ai
w-commonwealth-noun,commonwealth,noun,B2,Society,/kˈɑmənwˌɛlθ/,,khối thịnh vượng chung; cộng đồng các quốc gia,a group of countries or people with shared goals,Several nations belong to the commonwealth.,Một số quốc gia thuộc khối thịnh vượng chung.,She studied commonwealth history at university.,Cô ấy học lịch sử khối thịnh vượng chung ở đại học.,the Commonwealth; commonwealth countries; commonwealth games,often capitalised for the Commonwealth of Nations,ai_generated,cefrj-1.5+ai
w-fine-verb,fine,verb,B2,Society,/fˈaɪn/,,phạt tiền,to make someone pay money as a punishment,The city may fine drivers who park badly.,Thành phố có thể phạt tiền tài xế đỗ xe sai.,They fined him for dropping litter outside.,Họ phạt tiền anh ấy vì vứt rác ra ngoài.,fine someone for; heavily fined; fined for,verb sense (punish with money); not the adjective ‘ok’,ai_generated,cefrj-1.5+ai
w-fine-adverb,fine,adverb,B2,Society,/fˈaɪn/,,"ổn, tốt",in a way that is acceptable or good enough,Everything is working fine now.,Mọi thứ hiện đang hoạt động ổn.,She is doing fine at her new job.,Cô ấy đang ổn ở công việc mới.,doing fine; working fine; just fine,adverb sense (= well enough); not the verb ‘punish with money’,ai_generated,cefrj-1.5+ai
w-spectacle-noun,spectacle,noun,B2,Sports,/spˈɛktəkəl/,,cảnh tượng ấn tượng; buổi biểu diễn hấp dẫn,an impressive public show or unusual sight,The final match was a real spectacle.,Trận chung kết quả là một cảnh tượng đáng xem.,Opening night became a colourful spectacle.,Đêm khai mạc trở thành một buổi trình diễn rực rỡ.,sporting spectacle; visual spectacle; make a spectacle,not the same as ‘spectacles’ (= glasses),ai_generated,cefrj-1.5+ai
w-data-noun,data,noun,B2,Technology,/dˈeɪtə/,,dữ liệu,facts and figures stored or used by computers,We need clean data before the report.,Chúng ta cần dữ liệu sạch trước khi làm báo cáo.,The app collects data from each user.,Ứng dụng thu thập dữ liệu từ mỗi người dùng.,collect data; data analysis; personal data,often treated as uncountable in modern English,ai_generated,cefrj-1.5+ai
w-toll-noun,toll,noun,B2,Travel,/tˈoʊl/,,phí cầu đường,money you pay to use a road or bridge,We paid a toll on the highway.,Chúng tôi trả phí cầu đường trên cao tốc.,Check the toll before you drive there.,Hãy xem mức phí trước khi lái xe đến đó.,pay a toll; toll road; toll bridge,travel sense (road fee); also ‘death toll’ in news,ai_generated,cefrj-1.5+ai
w-employee-noun,employee,noun,B2,Work,/ɛmplˈɔɪi/,,"nhân viên, người làm thuê",a person who works for a company for pay,Every employee gets health insurance here.,Ở đây mọi nhân viên đều có bảo hiểm y tế.,New employees join an online training course.,Nhân viên mới tham gia khóa đào tạo trực tuyến.,full-time employee; former employee; employee benefits,contrast with ‘employer’ (the company that pays you),ai_generated,cefrj-1.5+ai
