id,word,partOfSpeech,level,ipa,ipaSource,frequencyRank,flagged,isMultiWord,notes
w-accent-noun,accent,noun,B1,/əksˈɛnt/,dictionary,8621,1,0,
w-address-verb,address,verb,B1,/ˈædɹˌɛs/,dictionary,1177,0,0,
w-administration-noun,administration,noun,B1,/ædmˌɪnɪstɹˈeɪʃən/,dictionary,866,1,0,
w-along-adverb,along,adverb,A1,/əlˈɔŋ/,dictionary,386,0,0,
w-altar-noun,altar,noun,B2,/ˈɔltɚ/,dictionary,6722,1,0,
w-anti-adjective,anti,adjective,B1,/ˈæntˌi/,dictionary,1482,0,0,
w-apartment-noun,apartment,noun,A2,/əpˈɑɹtmənt/,dictionary,3957,1,0,
w-as-preposition,as,preposition,A1,/ˈæz/,dictionary,10,0,0,
w-barrier-noun,barrier,noun,B2,/bˈæɹiɚ/,dictionary,4766,1,0,
w-bat-noun,bat,noun,A1,/bˈæt/,dictionary,8983,1,0,
w-batch-noun,batch,noun,A2,/bˈætʃ/,dictionary,8710,1,0,
w-before-preposition,before,preposition,A1,/bɪfˈɔɹ/,dictionary,113,0,0,
w-besides-adverb,besides,adverb,A2,/bɪsˈaɪdz/,dictionary,2257,0,0,
w-block-verb,block,verb,B1,/blˈɑk/,dictionary,1723,0,0,
w-bookstore-noun,bookstore,noun,A1,/bˈʊkstˌɔɹ/,dictionary,18806,1,0,
w-bound-adjective,bound,adjective,B1,/bˈaʊnd/,dictionary,1739,0,0,
w-brush-noun,brush,noun,A1,/bɹˈʌʃ/,dictionary,5348,1,0,
w-bureau-noun,bureau,noun,B1,/bjˈʊɹoʊ/,dictionary,2830,1,0,
w-cage-noun,cage,noun,B1,/kˈeɪdʒ/,dictionary,8256,1,0,
w-camera-noun,camera,noun,A1,/kˈæmɚə/,dictionary,3442,1,0,
w-capital-letter-phrase,capital letter,phrase,A2,/kˈæpətəl lˈɛtɚ/,dictionary,605,1,1,
w-check-verb,check,verb,A2,/tʃˈɛk/,dictionary,1440,0,0,
w-clearly-adverb,clearly,adverb,A2,/klˈɪɹli/,dictionary,772,0,0,
w-colonial-adjective,colonial,adjective,B2,/kəlˈoʊniəl/,dictionary,2159,0,0,
w-comment-verb,comment,verb,B2,/kˈɑmɛnt/,dictionary,2942,0,0,
w-comprehensive-adjective,comprehensive,adjective,B2,/kˌɑmpɹihˈɛnsɪv/,dictionary,2792,0,0,
w-conscious-adjective,conscious,adjective,B1,/kˈɑnʃəs/,dictionary,2648,0,0,
w-copy-verb,copy,verb,A2,/kˈɑpi/,dictionary,1973,0,0,
w-corresponding-adjective,corresponding,adjective,B2,/kˌɔɹəspˈɑndɪŋ/,dictionary,1933,0,0,
w-cost-verb,cost,verb,A2,/kˈɑst/,dictionary,489,0,0,
w-creator-noun,creator,noun,B1,/kɹiˈeɪtɚ/,dictionary,6776,1,0,
w-credit-noun,credit,noun,A2,/kɹˈɛdət/,dictionary,1362,1,0,
w-culture-noun,culture,noun,A1,/kˈʌltʃɚ/,dictionary,558,1,0,
w-dancer-noun,dancer,noun,A2,/dˈænsɚ/,dictionary,11948,1,0,
w-demonstrate-verb,demonstrate,verb,B1,/dˈɛmənstɹˌeɪt/,dictionary,3078,0,0,
w-desk-noun,desk,noun,A1,/dˈɛsk/,dictionary,3571,1,0,
w-diamond-noun,diamond,noun,A2,/dˈaɪmənd/,dictionary,6032,1,0,
w-diet-noun,diet,noun,A2,/dˈaɪət/,dictionary,2997,1,0,
w-different-adjective,different,adjective,A1,/dˈɪfɚənt/,dictionary,144,0,0,
w-district-noun,district,noun,B1,/dˈɪstɹɪkt/,dictionary,1147,1,0,
w-dream-verb,dream,verb,A2,/dɹˈim/,dictionary,2106,0,0,
w-dress-noun,dress,noun,A1,/dɹˈɛs/,dictionary,2921,1,0,
w-dynamic-adjective,dynamic,adjective,B2,/daɪnˈæmɪk/,dictionary,2441,0,0,
w-e-mail-noun,e-mail,noun,A1,/ˈimˌeɪl/,dictionary,439,1,0,"Also: e-mail, email"
w-early-adjective,early,adjective,A2,/ˈɝli/,dictionary,236,0,0,
w-easy-going-adjective,easy-going,adjective,B1,/ˈiziɡˈoʊɪŋ/,dictionary,308,0,0,Also: easygoing
w-elevator-noun,elevator,noun,A2,/ˈɛləvˌeɪtɚ/,dictionary,9833,1,0,
w-establish-verb,establish,verb,A2,/ɪstˈæblɪʃ/,dictionary,1690,0,0,
w-extreme-adjective,extreme,adjective,B1,/ɛkstɹˈim/,dictionary,2212,0,0,
w-female-noun,female,noun,B2,/fˈimˌeɪl/,dictionary,1146,1,0,
w-financial-adjective,financial,adjective,B1,/fənˈænʃəl/,dictionary,765,0,0,
w-fine-adverb,fine,adverb,B2,/fˈaɪn/,dictionary,1040,0,0,
w-first-adverb,first,adverb,A1,/fˈɝst/,dictionary,73,0,0,
w-float-noun,float,noun,A2,/flˈoʊt/,dictionary,8809,1,0,
w-form-noun,form,noun,A1,/fˈɔɹm/,dictionary,176,0,0,
w-form-verb,form,verb,B1,/fˈɔɹm/,dictionary,176,0,0,
w-free-adjective,free,adjective,A1,/fɹˈi/,dictionary,347,0,0,
w-fun-adjective,fun,adjective,A1,/fˈʌn/,dictionary,3478,0,0,
w-gas-noun,gas,noun,A2,/ɡˈæs/,dictionary,1185,1,0,
w-girlfriend-noun,girlfriend,noun,A1,/ɡˈɝlfɹˌɛnd/,dictionary,13945,1,0,
w-good-adjective,good,adjective,A1,/ɡˈʊd/,dictionary,128,0,0,
w-grandson-noun,grandson,noun,A2,/ɡɹˈændsˌʌn/,dictionary,11192,1,0,
w-heart-warming-adjective,heart-warming,adjective,B2,/hˈɑɹtwˌɔɹmɪŋ/,dictionary,536,0,0,Also: heartwarming
w-helpful-adjective,helpful,adjective,A2,/hˈɛlpfəl/,dictionary,3057,0,0,
w-hockey-noun,hockey,noun,A2,/hˈɑki/,dictionary,15871,1,0,
w-holiday-noun,holiday,noun,A1,/hˈɑlədˌeɪ/,dictionary,5831,1,0,
w-honor-verb,honor,verb,B2,/ˈɑnɚ/,dictionary,3124,0,0,Also: honour
w-information-noun,information,noun,A1,/ˌɪnfɚmˈeɪʃən/,dictionary,174,1,0,
w-instant-adjective,instant,adjective,A2,/ˈɪnstənt/,dictionary,4356,0,0,
w-iron-noun,iron,noun,B1,/ˈaɪɚn/,dictionary,1469,1,0,
w-jewelry-noun,jewelry,noun,A1,/dʒˈuəlɹi/,dictionary,11158,1,0,Also: jewellery
w-job-noun,job,noun,A1,/dʒˈɑb/,dictionary,655,1,0,
w-leading-adjective,leading,adjective,B1,/lˈidɪŋ/,dictionary,1252,0,0,
w-liberal-adjective,liberal,adjective,B2,/lˈɪbˌɝəl/,dictionary,2223,0,0,
w-line-verb,line,verb,B2,/lˈaɪn/,dictionary,283,0,0,
w-linen-noun,linen,noun,B2,/lˈɪnən/,dictionary,9631,1,0,
w-load-verb,load,verb,B2,/lˈoʊd/,dictionary,2125,0,0,
w-long-adjective,long,adjective,A1,/lˈɔŋ/,dictionary,131,0,0,
w-look-verb,look,verb,A1,/lˈʊk/,dictionary,352,0,0,
w-management-noun,management,noun,B1,/mˈænədʒmənt/,dictionary,446,1,0,
w-mankind-noun,mankind,noun,B1,/mˈænkˈaɪnd/,dictionary,4546,1,0,
w-marked-adjective,marked,adjective,B1,/mˈɑɹkt/,dictionary,1699,0,0,
w-medical-adjective,medical,adjective,A2,/mˈɛdəkəl/,dictionary,738,0,0,
w-mobile-noun,mobile,noun,A1,/mˈoʊbəl/,dictionary,4118,1,0,
w-model-adjective,model,adjective,B1,/mˈɑdəl/,dictionary,371,0,0,
w-much-adverb,much,adverb,A1,/mˈʌtʃ/,dictionary,115,0,0,
w-music-noun,music,noun,A1,/mjˈuzɪk/,dictionary,736,1,0,
w-normally-adverb,normally,adverb,B1,/nˈɔɹməli/,dictionary,2196,0,0,
w-note-noun,note,noun,A1,/nˈoʊt/,dictionary,519,1,0,
w-off-adverb,off,adverb,A2,/ˈɔf/,dictionary,206,0,0,
w-onion-noun,onion,noun,A2,/ˈʌnjən/,dictionary,10149,1,0,
w-operator-noun,operator,noun,B2,/ˈɑpɚˌeɪtɚ/,dictionary,3689,1,0,
w-out-of-preposition,out of,preposition,A2,/ˈaʊt ˈʌv/,dictionary,2,0,1,
w-paint-noun,paint,noun,A1,/pˈeɪnt/,dictionary,3801,1,0,
w-painter-noun,painter,noun,A2,/pˈeɪntɚ/,dictionary,5952,1,0,
w-pasta-noun,pasta,noun,A2,/pˈɑstə/,dictionary,15635,1,0,
w-pilot-noun,pilot,noun,A2,/pˈaɪlət/,dictionary,4197,1,0,
w-plenty-noun,plenty,noun,A2,/plˈɛnti/,dictionary,4333,1,0,
w-prepare-verb,prepare,verb,A2,/pɹipˈɛɹ/,dictionary,2891,0,0,
w-press-verb,press,verb,B1,/pɹˈɛs/,dictionary,253,0,0,
w-pretty-adverb,pretty,adverb,A2,/pɹˈɪti/,dictionary,2242,0,0,
w-princess-noun,princess,noun,A1,/pɹˈɪnsɛs/,dictionary,5891,1,0,
w-prisoner-noun,prisoner,noun,B1,/pɹˈɪzənɚ/,dictionary,5611,1,0,
w-program-noun,program,noun,A1,/pɹˈoʊɡɹˌæm/,dictionary,417,1,0,Also: programme
w-punishment-noun,punishment,noun,B1,/pˈʌnɪʃmənt/,dictionary,3141,1,0,
w-quiz-noun,quiz,noun,A2,/kwˈɪz/,dictionary,18900,1,0,
w-relevant-adjective,relevant,adjective,B2,/ɹˈɛləvənt/,dictionary,1611,0,0,
w-rental-noun,rental,noun,B2,/ɹˈɛntəl/,dictionary,7717,1,0,
w-research-noun,research,noun,A2,/ɹisˈɝtʃ/,dictionary,245,1,0,
w-rule-verb,rule,verb,B2,/ɹˈul/,dictionary,625,0,0,
w-satisfy-verb,satisfy,verb,A2,/sˈætəsfˌaɪ/,dictionary,4001,0,0,
w-scene-noun,scene,noun,A2,/sˈin/,dictionary,1510,1,0,
w-scientific-adjective,scientific,adjective,A2,/sˌaɪəntˈɪfɪk/,dictionary,1116,0,0,
w-score-verb,score,verb,B1,/skˈɔɹ/,dictionary,2912,0,0,
w-second-adverb,second,adverb,B1,/sˈɛkənd/,dictionary,193,0,0,
w-senior-adjective,senior,adjective,A2,/sˈinjɚ/,dictionary,2690,0,0,
w-shirt-noun,shirt,noun,A1,/ʃˈɝt/,dictionary,4917,1,0,
w-simple-adjective,simple,adjective,A2,/sˈɪmpəl/,dictionary,642,0,0,
w-singular-noun,singular,noun,A2,/sˈɪŋɡjəlɚ/,dictionary,6134,1,0,
w-sit-verb,sit,verb,A1,/sˈɪt/,dictionary,2157,0,0,
w-situation-noun,situation,noun,A2,/sˌɪtʃuˈeɪʃən/,dictionary,523,0,0,
w-smoke-noun,smoke,noun,A1,/smˈoʊk/,dictionary,3513,1,0,
w-southern-adjective,southern,adjective,B1,/sˈʌðɚn/,dictionary,1195,0,0,
w-spot-verb,spot,verb,B2,/spˈɑt/,dictionary,2556,0,0,
w-statue-noun,statue,noun,A2,/stˈætʃˌu/,dictionary,7112,1,0,
w-strike-verb,strike,verb,B1,/stɹˈaɪk/,dictionary,2567,0,0,
w-sunglasses-noun,sunglasses,noun,A2,/sˈʌnɡlˌæsɪz/,dictionary,,1,0,
w-supermarket-noun,supermarket,noun,A1,/sˈupɚmˌɑɹkɪt/,dictionary,16040,1,0,
w-sure-adjective,sure,adjective,A1,/ʃˈʊɹ/,dictionary,658,0,0,
w-syllable-noun,syllable,noun,B2,/sˈɪləbəl/,dictionary,10572,1,0,
w-telecommunications-noun,telecommunications,noun,B1,/tˌɛləkəmjˌunəkˈeɪʃənz/,dictionary,8266,1,0,
w-telephone-noun,telephone,noun,A1,/tˈɛləfˌoʊn/,dictionary,2373,1,0,
w-telephone-verb,telephone,verb,A2,/tˈɛləfˌoʊn/,dictionary,2373,0,0,
w-throat-noun,throat,noun,B2,/θɹˈoʊt/,dictionary,4317,1,0,
w-through-adverb,through,adverb,B1,/θɹˈu/,dictionary,96,0,0,
w-tomato-noun,tomato,noun,A1,/təmˈeɪtˌoʊ/,dictionary,10409,1,0,
w-top-adjective,top,adjective,B1,/tˈɑp/,dictionary,690,0,0,
w-trousers-noun,trousers,noun,A1,/tɹˈaʊzɚz/,dictionary,11120,1,0,
w-tunnel-noun,tunnel,noun,B2,/tˈʌnəl/,dictionary,6632,1,0,
w-violence-noun,violence,noun,B1,/vˈaɪələns/,dictionary,1641,1,0,
w-violin-noun,violin,noun,A2,/vaɪəlˈɪn/,dictionary,10957,1,0,
w-warmth-noun,warmth,noun,B1,/wˈɔɹmθ/,dictionary,6779,1,0,
w-waste-adjective,waste,adjective,B1,/wˈeɪst/,dictionary,2444,0,0,
w-waste-verb,waste,verb,B1,/wˈeɪst/,dictionary,2444,0,0,
w-wave-verb,wave,verb,B1,/wˈeɪv/,dictionary,1726,0,0,
w-wind-noun,wind,noun,A1,/wˈaɪnd/,dictionary,1598,1,0,
w-work-verb,work,verb,A1,/wˈɝk/,dictionary,100,0,0,
w-wrist-noun,wrist,noun,B1,/ɹˈɪst/,dictionary,8294,1,0,
w-wrong-adverb,wrong,adverb,A2,/ɹˈɔŋ/,dictionary,1244,0,0,
w-yet-adverb,yet,adverb,A1,/jˈɛt/,dictionary,257,0,0,
